Id ,QuestionsText ,GradeId  ,SubjectID,Subject
1,,G003,S001,
2,,G003,S002,
3,,G003,S003,
4,,G003,S001,
5,,G003,S002,
6,,G003,S003,
7,,G003,S001,
8,,G003,S002,
9,,G003,S003,
10,,G003,S001,
11,,G004,S002,
12,,G004,S003,
13,,G004,S001,
14,,G004,S002,
15,,G004,S003,
16,,G004,S001,
17,,G004,S002,
18,,G004,S003,
19,,G004,S001,
20,,G004,S002,
21,,G004,S003,
22,,G005,S001,
23,,G005,S002,
24,,G005,S003,
25,,G005,S001,
26,,G005,S002,
27,,G005,S003,
28,,G005,S001,
29,,G005,S002,
30,,G005,S003,
